name,amount,price,dosage_form,manufacturer,barcode,specialty
Сурфактант-БЛ,2,9720.00,лиофилизат для приготовления эмульсии для ингаляционного введения 25 мг - флаконы 10 мл (2) - пачки картонные,"ООО ""Биосурф"" - Россия",4607002420100,Отоларинголог
Карбопект,20,85.05,"капсулы 110 мг, 10 шт. - упаковки ячейковые контурные (2) - пачки картонные","ЗАО ""Медисорб"" - Россия",4603182002280,Проктолог
Уголь активированный,10,4.13,"таблетки 250 мг, 10 шт. - упаковки безъячейковые контурные","ОАО ""Фармстандарт-Лексредства"" - Россия",4601669000644,Венеролог
Уголь активированный,10,4.16,"таблетки 250 мг, 10 шт. - упаковки безъячейковые контурные","ОАО ""Ирбитский химико-фармацевтический завод"" - Россия",4603276000413,Уролог
Уголь активированный,50,28.08,"таблетки 250 мг, 10 шт. - упаковки ячейковые контурные (5) - пачки картонные","ОАО ""Фармстандарт-Лексредства"" - Россия",4601669005670,Ароматерапевт
Уголь активированный МС,10,4.31,"таблетки 250 мг, 10 шт. - упаковки безъячейковые контурные","ЗАО ""Медисорб"" - Россия",4603182000019,Венеролог
Эуфиллин,10,26.28,"раствор для внутривенного введения 24 мг/мл, 10 мл - ампулы (10) /в комплекте с ножом ампульным или скарификатором, если необходим для ампул данного типа/ - пачки картонные","ОАО ""Биосинтез"" - Россия",4602884003083,Дерматолог
Маммозол,28,4249.06,"таблетки покрытые пленочной оболочкой 1 мг, 14 шт. - упаковки ячейковые контурные (2) - пачки картонные","Вл. - ОАО ""Гедеон Рихтер"" - Венгрия; Пр. - Xaупт Фарма Мюнстер ГмбХ - Германия",5997001301531,Педиатр
Фезипам,50,25.05,"таблетки 0.5 мг, 25 шт. - упаковки ячейковые контурные (2) - пачки картонные","ОАО ""Татхимфармпрепараты"" - Россия",4604060991399,Хирург
Фезипам,50,29.40,"таблетки 1 мг, 10 шт. - упаковки ячейковые контурные (5) - пачки картонные","ОАО ""Татхимфармпрепараты"" - Россия",4604060011561,Инфекционист
Фезипам,50,29.40,"таблетки 1 мг, 25 шт. - упаковки ячейковые контурные (2) - пачки картонные","ОАО ""Татхимфармпрепараты"" - Россия",4604060991382,Физиотерапевт
Бенакорт,1,175.81,"порошок для ингаляций дозированный 0.2 мг/доза, 100 доз, 1 г - ингаляторы дозирующие ""Циклохалер"" - пакеты полиэтиленовые - пачки картонные","ЗАО ""Пульмомед"" - Россия",4603466000148,Травматолог
Бенакорт,10,289.43,"раствор для ингаляций 0.5 мг/мл, 2.2 мл - флаконы (10) - пачки картонные","ЗАО ""Пульмомед"" - Россия",4603466000605,Вирусолог
Бусерелин-депо,1,4603.39,"лиофилизат для приготовления суспензии для внутримышечного введения пролонгированного действия 3.75 мг, 320.93 мг - флаконы темного стекла - упаковки ячейковые контурные /в комплекте с растворителем (ампулы) 2 мл, шприцем одноразовым, иглой для инъекций,","Вл. - ЗАО ""Фарм-Синтез"" - Россия; Пр. - ООО ""Диамед"" - Россия",4603469000084,Аллерголог
Бусерелин-лонг ФС,1,4600.80,"лиофилизат для приготовления суспензии для внутримышечного введения пролонгированного действия 3.75 мг - флаконы темного стекла - упаковки ячейковые контурные /в комплекте с растворителем (ампулы) 2 мл, шприцем одноразовым, иглой для инъекций, иглой для р",Ф-Синтез ЗАО - Россия,4650001570154,Сомнолог
Милеран,25,1074.05,"таблетки покрытые оболочкой 2 мг, 25 шт. - флаконы темного стекла - пачки картонные","Вл. - ЗАО ""ГлаксоСмитКляйн Трейдинг"" - Россия; Пр. - Экселла ГмбХ - Германия",4607008130614,Гастроэнтеролог
Эувакс В,10,810.18,"суспензия для внутримышечного введения, 0.5 мл - флаконы (10) - пачки картонные",Эл Джи Лайф Саенсис Лтд - Корея,8806136300661,Ортодонт
Эувакс В,1,68.03,"суспензия для внутримышечного введения, 1 мл - флаконы - пачки картонные",Эл Джи Лайф Саенсис Лтд - Корея,8806136300692,Онколог
Ваксигрип,1,176.46,"суспензия для внутримышечного и подкожного введения, 1 доза, 0.25 мл - шприцы - упаковки ячейковые контурные - пачки картонные",Санофи Пастер С.А. - Франция,3660053314010,Стоматолог
Грипповак,10,853.20,"суспензия для подкожного и назального введения 0.5 мл/доза, 1 доза - ампулы (10) /в комплекте с ножом ампульным или скарификатором/ - пачки картонные","ФГУП ""Санкт-Петербургский НИИ вакцин и сывороток и предприятие по производству бактерийных препаратов"" ФМБА - Россия",4602431001111,Дерматолог
Верапамил,10,21.38,"раствор для внутривенного введения 2.5 мг/мл, 2 мл - ампулы (10) /в комплекте с ножом ампульным или скарификатором, если необходим для ампул данного типа/ - пачки картонные","ОАО ""Биосинтез"" - Россия",4602884002963,Стоматолог
Изоптин,100,170.45,"таблетки покрытые оболочкой 40 мг, 20 шт. - упаковки ячейковые контурные (5) - пачки картонные",Эбботт ГмбХ и Ко.КГ - Германия,4032046650044,Нарколог
Изоптин,100,259.26,"таблетки покрытые оболочкой 80 мг, 20 шт. - упаковки ячейковые контурные (5) - пачки картонные",Эбботт ГмбХ и Ко.КГ - Германия,4032046650051,Физиотерапевт
Винпоцетин,50,41.81,"таблетки 5 мг, 10 шт. - упаковки ячейковые контурные (5) - пачки картонные","ЗАО ""Канонфарма продакшн"" - Россия",4606486000044,Кардиохирург
Вода для инъекций,100,6.18,"растворитель для приготовления лекарственных форм для инъекций, 5 мл - ампулы (100) - коробки картонные /в комплекте с ножом ампульным или скарификатором/ - ящики картонные","ОАО ""Фармстандарт-Уфимский витаминный завод"" (ОАО ""Фармстандарт-УфаВИТА"") - Россия",4601808008579,Акушер
Галоперидол,50,13.71,"таблетки 5 мг, 10 шт. - упаковки ячейковые контурные (5) - пачки картонные","ЗАО ""Канонфарма продакшн"" - Россия",4606486004721,Ароматерапевт
Гонадотропин хорионический,5,1512.00,лиофилизат для приготовления раствора для внутримышечного введения 5 тыс.ЕД - флаконы 5 мл (5) - упаковки ячейковые контурные /в комплекте с растворителем: натрия хлорида раствор 0.9% (ампулы) 1 мл-5 шт./ - пачки картонные,"ФГУП ""Московский эндокринный завод"" - Россия",4602676004526,Гериатр
Дексаметазон,50,16.20,"таблетки 0.5 мг, 50 шт. - пеналы полипропиленовые - пачки картонные","ООО ""Опытный завод ""ГНЦЛС"" - Украина",4820090051470,Эндокринолог
Глюкоза,10,7.60,"раствор для внутривенного введения 400 мг/мл, 5 мл - ампулы (10) /в комплекте с ножом ампульным или скарификатором/ - коробки картонные","ОАО ""Дальхимфарм"" - Россия",4602824013493,Эндокринолог
Келикс,1,91521.59,"концентрат для приготовления раствора для внутривенного введения 2 мг/мл, 1 шт., 25 мл - флаконы - пачки картонные","Вл., Уп. - Шеринг-Плау Лабо Н.В. - Бельгия; Пр. - Бен Венью Лабораторис Инк - США",4602210001295,Гематолог
Бурана,20,55.83,"таблетки покрытые пленочной оболочкой 200 мг, 10 шт. - упаковки ячейковые контурные (2) - пачки картонные",Орион Корпорейшн Орион Фарма - Финляндия,6432100002877,Акушер
Цитофлавин,5,365.26,"раствор для внутривенного введения, 10 мл - ампулы (5) - упаковки контурные пластиковые (поддоны) /в комплекте с ножом ампульным или скарификатором, если необходим для ампул данного типа/ - пачки картонные","ООО ""Научно-технологическая фармацевтическая фирма ""ПОЛИСАН"" - Россия",4603191000222,Уролог
Кальция глюконат,10,1.13,"таблетки 500 мг (в РУ - 0.5 г), 10 шт. - упаковки безъячейковые контурные","ОАО ""Дальхимфарм"" - Россия",4602824000493,Косметолог
Кальция глюконат,10,1.23,"таблетки 500 мг, 10 шт. - упаковки безъячейковые контурные","ОАО ""Фармстандарт-Лексредства"" - Россия",4601669000552,Отоларинголог
Кальция глюконат-Виал,10,143.62,"раствор для внутривенного и внутримышечного введения 100 мг/мл, 10 мл - ампулы (10) - упаковки ячейковые контурные - пачки картонные","Вл. - ООО ""Виал"" - Россия; Пр. - Сишуи Ксирканг Фармасьютикал Ко.Лтд - Китай; Уп. - ООО ""Озон"" - Россия",4607027763350,Окулист
Клофелин,10,13.56,"раствор для внутривенного введения 0.1 мг/мл, 1 мл - ампулы (10) /в комплекте с ножом ампульным или скарификатором/ - пачки картонные","ОАО ""Дальхимфарм"" - Россия",4602824001377,Физиотерапевт
Ко-тримоксазол-СТИ,20,23.76,"таблетки 480 мг, 10 шт. - упаковки ячейковые контурные (2) - пачки картонные","ОАО ""СТИ-Мед-Сорб"" - Россия",4607003662042,Анестезиолог
КромоГексал,50,294.99,"раствор для ингаляций 10 мг/мл, 2 мл - ампулы полиэтиленовые (10) - ленты (5) - пачки картонные",Вл. - Гексал АГ - Германия; Пр. - Фарма Штулльн ГмбХ - Германия,4030855005918,Кардиолог
Постинор,2,190.56,"таблетки 0.75 мг, 2 шт. - упаковки ячейковые контурные - пачки картонные","ОАО ""Гедеон Рихтер"" - Венгрия",5997001360170,Эндокринолог
Реалаксан,6,50.79,"порошок для приготовления раствора для приема внутрь [апельсиновый] 10 г, 1 шт. - саше алюминий/полиэтилен/бумага (6) - пачки картонные",Юник Фармасьютикал Лабораториз (Отделение фирмы Дж.Б.Кемикалс энд Фармасьютикалс Лтд) - Индия,8901086182043,Гинеколог
Реалаксан,10,84.65,"порошок для приготовления раствора для приема внутрь [апельсиновый] 10 г, 1 шт. - саше алюминий/полиэтилен/полистер (10) - пачки картонные",Юник Фармасьютикал Лабораториз (Отделение фирмы Дж.Б.Кемикалс энд Фармасьютикалс Лтд) - Индия,8901086182258,Ароматерапевт
Реалаксан,20,167.76,"порошок для приготовления раствора для приема внутрь [банановый] 10 г, 1 шт. - саше алюминий/полиэтилен/бумага (20) - пачки картонные",Юник Фармасьютикал Лабораториз (Отделение фирмы Дж.Б.Кемикалс энд Фармасьютикалс Лтд) - Индия,8901086181978,Вирусолог
Реалаксан,6,50.79,"порошок для приготовления раствора для приема внутрь [банановый] 10 г, 1 шт. - саше алюминий/полиэтилен/бумага (6) - пачки картонные",Юник Фармасьютикал Лабораториз (Отделение фирмы Дж.Б.Кемикалс энд Фармасьютикалс Лтд) - Индия,8901086182029,Дерматолог
Реалаксан,20,167.76,"порошок для приготовления раствора для приема внутрь [виноградный] 10 г, 1 шт. - саше алюминий/полиэтилен/полистер (20) - пачки картонные",Юник Фармасьютикал Лабораториз (Отделение фирмы Дж.Б.Кемикалс энд Фармасьютикалс Лтд) - Индия,8901086182319,Аллерголог
Реалаксан,6,50.79,"порошок для приготовления раствора для приема внутрь [виноградный] 10 г, 1 шт. - саше алюминий/полиэтилен/полистер (6) - пачки картонные",Юник Фармасьютикал Лабораториз (Отделение фирмы Дж.Б.Кемикалс энд Фармасьютикалс Лтд) - Индия,8901086182364,Трансплантолог
Реалаксан,10,84.65,"порошок для приготовления раствора для приема внутрь [яблочный] 10 г, 1 шт. - саше алюминий/полиэтилен/бумага (10) - пачки картонные",Юник Фармасьютикал Лабораториз (Отделение фирмы Дж.Б.Кемикалс энд Фармасьютикалс Лтд) - Индия,8901086181916,Хирург
Реалаксан,20,167.76,"порошок для приготовления раствора для приема внутрь [яблочный] 10 г, 1 шт. - саше алюминий/полиэтилен/бумага (20) - пачки картонные",Юник Фармасьютикал Лабораториз (Отделение фирмы Дж.Б.Кемикалс энд Фармасьютикалс Лтд) - Индия,8901086181961,Акушер
Фортеза Ромфарм,10,70.50,"порошок для приготовления раствора для приема внутрь 10 г, 1 шт., 10.5 г - саше (10) - пачки картонные",К.О.Ромфарм Компани С.р.Л. - Румыния,5944728000940,Окулист
Алкеран,1,1151.04,лиофилизат для приготовления раствора для внутрисосудистого введения 50 мг - флаконы /в комплекте с растворителем (флаконы) 10 мл/ - пачки картонные,"Вл. - ЗАО ""ГлаксоСмитКляйн Трейдинг"" - Россия; Пр. - Кардинал Хелс - США; Уп. - ГлаксоСмитКляйн Мэньюфэкчуринг С.п.А. - Италия",4607008130089,Отоларинголог
Алкеран,25,282.01,"таблетки покрытые пленочной оболочкой 2 мг, 25 шт. - флаконы темного стекла - пачки картонные","Вл. - ЗАО ""ГлаксоСмитКляйн Трейдинг"" - Россия; Пр. - Экселла ГмбХ - Германия",4607008130416,Акушер-гинеколог
Меропенем-Виал,1,650.27,порошок для приготовления раствора для внутривенного введения 500 мг - флаконы - пачки картонные,"Вл. - ООО ""Виал"" - Россия; Пр. - СиЭсПиСи Чжунно Фармасьютикал (Шицзячжуан) Ко., Лтд - Китай; Уп. - ООО ""Озон"" - Россия",4607027763541,Гериатр
Метотрексат,10,39.96,"таблетки покрытые пленочной оболочкой 2.5 мг, 10 шт. - упаковки ячейковые контурные - пачки картонные","ЗАО ""Северная звезда"" - Россия",4607005895479,Вирусолог
Метотрексат,30,118.80,"таблетки покрытые пленочной оболочкой 2.5 мг, 10 шт. - упаковки ячейковые контурные (3) - пачки картонные","ЗАО ""Северная звезда"" - Россия",4607005895493,Инфекционист
Метотрексат,50,185.76,"таблетки покрытые пленочной оболочкой 2.5 мг, 50 шт. - банки темного стекла - пачки картонные","ЗАО ""Северная звезда"" - Россия",4607005895462,Акушер-гинеколог
Моксогамма,30,272.16,"таблетки покрытые пленочной оболочкой 0.3 мг, 10 шт. - упаковки ячейковые контурные (3) - пачки картонные",Вл. - Верваг Фарма ГмбХ и Ко.КГ - Германия; Пр. - Артезан Фарма ГмбХ и Ко.КГ - Германия,4030674002471,Пластический хирург
Моксогамма,30,316.60,"таблетки покрытые пленочной оболочкой 0.4 мг, 10 шт. - упаковки ячейковые контурные (3) - пачки картонные",Вл. - Верваг Фарма ГмбХ и Ко.КГ - Германия; Пр. - Артезан Фарма ГмбХ и Ко.КГ - Германия,4030674002501,Сурдолог
Натрия хлорид,10,24.99,"раствор для инъекций 0.9%, 10 мл - ампулы (10) /в комплекте с ножом ампульным или скарификатором, если необходим для ампул данного типа/ - пачки картонные","ОАО ""Биосинтез"" - Россия",4602884003168,Аллерголог
Лосек,5,1382.70,лиофилизат для приготовления раствора для инфузий 40 мг - флаконы (5) - упаковки ячейковые контурные - пачки картонные,АстраЗенека АБ - Швеция,7321838730604,Токсиколог
Панцитрат,20,225.64,"капсулы кишечнорастворимые 9+10+0.5 тыс.Ед.Евр.Ф., 20 шт. - флаконы темного стекла - пачки картонные",Нордмарк Арцнаймиттель ГмбХ & Ко.КГ - Германия,3700048610021,Нарколог
Эрмиталь,20,255.00,"капсулы  25 тыс.ЕД, 20 шт. - флаконы темного стекла - пачки картонные",Нордмарк Арцнаймиттель ГмбХ & Ко.КГ - Германия,4260142420050,Венеролог
Эрмиталь,20,410.00,"капсулы 36 тыс.ЕД, 20 шт. - флаконы темного стекла - пачки картонные",Нордмарк Арцнаймиттель ГмбХ & Ко.КГ - Германия,4260142420074,Генетик
Сальгим,10,83.26,"раствор для ингаляций 1 мг/мл, 2.5 мл - флаконы (10) - пачки картонные","ЗАО ""Пульмомед"" - Россия",4603466000278,Генетик
Зерит,56,2217.10,"капсулы 30 мг, 14 шт. - упаковки ячейковые контурные (4) - пачки картонные",Бристол-Майерс Сквибб - Франция,4602505001153,Окулист
Тиолипон,10,270.00,"концентрат для приготовления раствора для внутривенного введения 30 мг/мл, 10 мл - ампулы темного стекла (10) /в комплекте с ножом ампульным или скарификатором, если необходим для ампул данного типа/ - коробки картонные","ОАО ""Биосинтез"" - Россия",4602884012245,Ревматолог
Сонапакс,60,207.65,"драже 25 мг, 20 шт. - упаковки ячейковые контурные (3) - пачки картонные",Фармзавод Ельфа А.О. - Польша,5904398249025,Ортопед
Левомицетин,10,9.84,"таблетки 500 мг, 10 шт. - упаковки безъячейковые контурные","ОАО ""Дальхимфарм"" - Россия",4602824000943,Ортодонт
Хлоргексидина биглюконат,1,7.56,"раствор для местного и наружного применения 0.2%, 100 мл - флаконы темного стекла","ООО ""Росбио"" - Россия",4602453003001,Кардиохирург
Хлоргексидина биглюконат,1,8.64,"раствор для наружного применения 0.5%, 100 мл - флаконы темного стекла","ООО ""Росбио"" - Россия",4602453003025,Эндокринолог
Хлоргексидина биглюконат,1,9.72,"раствор для наружного применения 1%, 100 мл - флаконы темного стекла","ООО ""Росбио"" - Россия",4602453003056,Эндокринолог
Хлоргексидина биглюконат,1,16.20,"раствор для наружного применения 5%, 100 мл - флаконы темного стекла","ООО ""Росбио"" - Россия",4602453003087,Кардиохирург
Цефазолин Эльфа,50,584.86,порошок для приготовления раствора для внутривенного и внутримышечного введения 1 г - флаконы (50) - коробки картонные,Эльфа Лабораториз - Индия,4607037190177,Гематолог
Цефепим-Виал,1,220.37,порошок для приготовления раствора для внутривенного и внутримышечного введения 1 г - флаконы темного стекла - пачки картонные,"Вл. - ООО ""Виал"" - Россия; Пр. - Северная Китайская Фармацевтическая Корпорация Лтд - Китай; Уп. - ООО ""Озон"" - Россия",4607027763473,Педиатр
Цефотаксим-Виал,1,22.23,порошок для приготовления раствора для внутривенного и внутримышечного введения 1 г - флаконы - пачки картонные,"Вл. - ООО ""Виал"" - Россия; Пр. - Северная Китайская Фармацевтическая Корпорация Лтд - Китай; Уп. - ООО ""Озон"" - Россия",4607027763459,Офтальмолог
Цианокобаламин,10,11.12,"раствор для инъекций 0.2 мг/мл, 1 мл - ампулы (10) /в комплекте с ножом ампульным или скарификатором, если необходим для ампул данного типа/ - пачки картонные","ОАО ""Дальхимфарм"" - Россия",4602824000561,Косметолог
Циклофосфан,50,918.00,порошок для приготовления раствора для внутривенного и внутримышечного введения 200 мг - флаконы (50) - коробки картонные,"ООО ""Компания ""Деко"" - Россия",4605391001092,Гериатр
Ципрофлоксацин,24,487.59,"раствор для инфузий (в РУ - раствор для внутривенного введения) 2 мг/мл, 1 шт., 100 мл - флаконы полиэтиленовые - пакеты полипропиленовые (24) - коробки картонные","Вл. - ЗАО ""НПЦ"" Эльфа"" - Россия; Пр. - Эльфа Лабораториз - Индия",4607037190399,Невропатолог
Эналаприл,20,7.96,"таблетки 10 мг, 10 шт. - упаковки ячейковые контурные (2) - пачки картонные","ЗАО ""Канонфарма продакшн"" - Россия",4606486002185,Сомнолог
Эналаприл,20,9.58,"таблетки 20 мг, 10 шт. - упаковки ячейковые контурные (2) - пачки картонные","ЗАО ""Канонфарма продакшн"" - Россия",4606486002499,Токсиколог
Адреналина гидрохлорид-Виал,5,47.01,"раствор для инъекций 1 мг/мл, 1 мл - ампулы темного стекла (5) - упаковки ячейковые контурные - пачки картонные","Вл. - ООО ""Виал"" - Россия; Пр. - Сишуи Ксирканг Фармасьютикал Ко.Лтд - Китай; Уп. - ООО ""Озон"" - Россия",4607027763367,Ароматерапевт
Прогинова,21,180.00,"драже 2 мг, 21 шт. - упаковки ячейковые контурные - пачки картонные",Вл. - Шеринг С.а.С. [дочернее предприятие Шеринг АГ] - Франция; Пр. - Дельфарм Лилль С.а.С. - Франция,4029668001057,Дерматолог
Виролекс,1,140.39,"крем для наружного применения 5%, 5 г - тубы алюминиевые - пачки картонные","КРКА, д.д., Ново место, Словения",3838989500481,Психиатр
Анаферон,20,99.47,"таблетки для рассасывания, 20 шт. - упаковки ячейковые контурные - пачки картонные",Материа Медика Холдинг НПФ ООО Россия,4607009581187,Кардиолог
Метокор Адифарм,10,792.93,"раствор для внутривенного введения 1 мг/мл, ампула 5 мл, 10 шт. - блистеры (1) - пачка картонная","Вл.,Пр.-Адифарм ЕАД Болгария;Перв.Уп.-Ветпром АД Болгария;Втор.Уп.,Вып.к.-Адифарм ЕАД Болгария.",3800089811248,Гинеколог
Нистатин,1500,810.00,"таблетки покрытые оболочкой 500 000 ЕД, 10 шт. -упаковки ячейковые контурные (150) - коробки картонные","РУП ""Белмедпрепараты"", Республика Беларусь",4810133009209,Ароматерапевт
Криксиван,180,1914.46,"капсулы 400 мг, 180 шт. - флаконы полиэтиленовые - пачки картонные","Вл.-Мерк Шарп и Доум Б.В. Нидерланды;Пр.-Мерк и Ко. Инк США;Перв.Уп.,Втор.Уп.,Вып.к.-Мерк Шарп и Доум Б.В. Нидерланды.",8711141398230,Ароматерапевт
Уголь активированный,20,11.32,"таблетки 250 мг, 10 шт. - упаковки ячейковые контурные (пвх/бумага) (2) -пачка картонная","ЗАО ""Производственная фармацевтическая компания Обновление"" - Россия",4603988011844,Кардиохирург
СинноВекс,4,17913.16,лиофилизат для приготовления раствора для внутримышечного введения (в комплекте с растворителем) 30 мкг (6 млн МЕ) – комплект [(флаконы 3 мл №1+ампулы 1 мл №1+шприц №1+иглы №2) №4+салфетки антисептические №8] № 1,"Вл.-ООО ""СИА Интернейшнл АФС"" - Россия;Пр.-СиннаГен Ко. - Иран;Перв.Уп.-СиннаГен Ко. - Иран (лиофилизат) / Каспиан Тамин Фармасьютикал Ко (растворитель);Втор.Уп.,Вып.к.-СиннаГен Ко. - Иран.",6260626400651,Хирург
Транексам,20,443.00,"таблетки покрытые пленочной оболочкой 500 мг, 10 шт. - упаковки ячейковые контурные (2) - пачки картонные","ООО ""Мир-Фарм"" - Россия;Пр.,Перв.Уп.,Втор.Уп.,Вып.к.-ЗАО ""Обнинская химико-фармацевтическая компания"" - Россия.",4607024944325,Венеролог
Симвастатин,30,191.00,"таблетки покрытые пленочной оболочкой 40 мг, 10 шт. - упаковки ячейковые контурные (3) - пачки картонные","ЗАО ""Северная звезда"" - Россия",4607005895325,Кардиохирург
Симвастатин,30,130.95,"таблетки покрытые пленочной оболочкой 10 мг, 30 шт. - флаконы полимерные - пачки картонные","ЗАО ""Северная звезда"" - Россия",4607005895158,Ортопед
Симвастатин,30,151.10,"таблетки покрытые пленочной оболочкой 20 мг, 30 шт. - флаконы полимерные - пачки картонные","ЗАО ""Северная звезда"" - Россия",4607005895233,Эндокринолог
Симвастатин,30,211.15,"таблетки покрытые пленочной оболочкой 40 мг, 30 шт. - флаконы полимерные - пачки картонные","ЗАО ""Северная звезда"" - Россия",4607005895318,Косметолог
Дикарбамин,21,2150.00,"таблетки, 100 мг, 7 шт. - упаковки ячейковые контурные (3) - пачки картонные","ОАО ""Валента Фармацевтика"" - Россия",4602193010192,Реаниматолог
Клотримазол,6,18.30,"суппозитории вагинальные 100 мг, 6 шт. - упаковки ячейковые контурные - пачки картонные","ООО ""Фармаприм"" - Республика Молдова",4840456000300,Ортопед
Эффералган,10,12.35,"суппозитории ректальные 150 мг, 5 шт. - упаковки ячейковые контурные (2) - пачки картонные","""Бристол-Майерс Сквибб"" - Франция",3585550021486,Сексопатолог
Эффералган,10,16.24,"суппозитории ректальные 80 мг, 5 шт. - упаковки ячейковые контурные (2) - пачки картонные","""Бристол-Майерс Сквибб"" - Франция",3585550021479,Кардиохирург
Уголь активированный МС,50,28.08,"таблетки 250 мг, 10 шт. - упаковки ячейковые контурные (5) - пачки картонные","ЗАО ""Медисорб"" - Россия",4603182002235,Терапевт
Уголь активированный МС,20,11.32,"таблетки 250 мг, 10 шт. - упаковки ячейковые контурные (2) - пачки картонные","ЗАО ""Медисорб"" - Россия",4603182002105,Аллерголог
Уголь активированный-УБФ,50,24.02,"таблетки 250 мг, 10 шт. - упаковки ячейковые контурные [фольга/ПВХ]  (5) - пачки картонные","ОАО ""Уралбиофарм"" - Россия",4603179003900,Диетолог
Доксорубицин,10,1944.00,лиофилизат для приготовления раствора для внутрисосудистого и внутрипузырного введения 10 мг - флаконы (10) - коробки картонные,ФГУП СПбНИИВС ФМБА России - Россия,4602431501079,Физиотерапевт
БиКНУ,1,904.72,лиофилизат для приготовления раствора для инфузий 100 мг - флаконы (1) /в комплекте с растворителем 3 мл - ампулы (1)/ - пачки картонные,"Бристол-Майерс Сквибб Компани - США;Пр.,Перв.Уп.-“Эмкюр Фармасьютикалз Лтд.” - Индия;Втор.Уп.,Вып.к.-""Корден Фарма Латина С.п.А."" -  Италия.",4602505007674,Дерматолог
Сиалор,10,81.82,"капли назальные 0,05%, 2 мл - тюбик-капельницы с клапаном (10) - пачки картонные","ЗАО ""Производственная фармацевтическая компания Обновление"" - Россия",4603988012698,Ортопед
Сиалор,1,28.97,"капли назальные 0,05%, 15 мл - флаконы (1) - пачки картонные","ЗАО ""Производственная фармацевтическая компания Обновление"" - Россия",4603988012711,Иммунолог
Пирацетам,20,20.08,"капсулы 400 мг, 10 шт. - упаковки ячейковые контурные (2) - пачки картонные","ОАО ""АВВА РУС"" - Россия",4607003662608,Ортопед
Индапамид,30,14.86,"таблетки покрытые пленочной оболочкой 2,5 мг, 10 шт. - упаковки ячейковые контурные (3) - пачки картонные","ОАО ""АВВА РУС"" - Россия",4607003669164,Гериатр
Артрум,10,174.08,"раствор для внутривенного и внутримышечного введения 50 мг/мл, 2 мл - ампулы (10) /в комплекте с ножом ампульным или скарификатором/ - пачки картонные","ОАО ""Биосинтез"" - Россия",4602884014232,Хирург
Аскорбиновая кислота,10,27.20,"раствор для внутривенного и внутримышечного введения 100 мг/мл, 2 мл - ампулы (10) /в комплекте с ножом ампульным или скарификатором, если необходим для ампул данного типа/ - пачки картонные","ОАО ""Биосинтез"" - Россия",4602884000556,Венеролог
Калия хлорид,10,28.14,"концентрат для приготовления раствора для инфузий 40 мг/мл, 10 мл - ампулы (10) /в комплекте с ножом ампульным или скарификатором, если необходим для ампул данного типа/ -пачки картонные","ОАО ""Биосинтез"" - Россия",4602884003151,Эндокринолог
Нормитон,30,360.00,"таблетки покрытые пленочной оболочкой 5 мг, 6 шт. - блистеры (5) - пачки картонные","Фармацевтический завод ""ПОЛЬФАРМА"" АО - Республика Польша",5903060602632,Ортодонт
Мексипридол,10,271.00,"раствор для внутривенного и внутримышечного введения 50 мг/мл, 2 мл - ампулы (5) - упаковки ячейковые контурные (2) - пачки картонные","ООО ""Мексипридол"" - Россия;Пр.,Перв.Уп.,Втор.Уп.,Вып.к.-ФГУП ""ГосЗМП"" - Россия.",4603730001567,Терапевт
Уголь активированный-УБФ,30,16.98,"таблетки 250 мг, 10 шт. - упаковки ячейковые контурные (3) - пачки картонные","ОАО ""Уралбиофарм"" - Россия",4603179004334,Психиатр
Уголь активированный-УБФ,40,22.64,"таблетки 250 мг, 10 шт. - упаковки ячейковые контурные (4) - пачки картонные","ОАО ""Уралбиофарм"" - Россия",4603179004341,Сомнолог
Уголь активированный Экстрасорб,20,103.00,"капсулы 250 мг, 10 шт. - упаковки ячейковые контурные (2) - пачки картонные","Общество с ограниченной ответственностью ""Кировская Фармацевтическая Компания"" (ООО ""КФК"") - Россия",4670009600233,Анестезиолог
Уголь активированный Экстрасорб,20,89.80,"капсулы 220 мг, 10 шт. - упаковки ячейковые контурные (2) - пачки картонные","Общество с ограниченной ответственностью ""Кировская Фармацевтическая Компания"" (ООО ""КФК"") - Россия",4670009600264,Вирусолог
Носолин,1,30.50,"капли назальные 0,1%, 10 мл - флаконы с дозатором-капельницей (1) - пачка картонная","ЗАО ""Фирн М"" - Россия",4606207000414,Сексопатолог
ПегАльтевир,1,7620.00,"лиофилизат для приготовления  раствора
для подкожного введения 80 мкг – флаконы - упаковки ячейковые контурные /в комплекте  с растворителем: вода для инъекций (ампулы) 0.7 мл/(1) - пачки картонные","OOO ""ФАРМАПАРК"" - Россия;Пр.,Перв.Уп.,Втор.Уп.-ОАО ""Фармстандарт-УфаВИТА"" - Россия;Вып.к.-OOO ""ФАРМАПАРК"" - Россия.",4601808010794,Трансплантолог
ПегАльтевир,1,7646.61,"лиофилизат для приготовления  раствора
для подкожного введения 100 мкг – флаконы - упаковки ячейковые контурные /в комплекте  с растворителем: вода для инъекций (ампулы) 0.7 мл/(1) - пачки картонные","OOO ""ФАРМАПАРК"" - Россия;Пр.,Перв.Уп.,Втор.Уп.-ОАО ""Фармстандарт-УфаВИТА"" - Россия;Вып.к.-OOO ""ФАРМАПАРК"" - Россия.",4601808010510,Сурдолог
Бетасерк,20,226.84,"таблетки 24 мг, 20 шт. - упаковки ячейковые контурные - пачки картонные","Эбботт Хелскеа Продактс Б.В. - Нидерланды;Пр.,Перв.Уп.-Эбботт Хелскеа САС - Франция;Втор.Уп.,Вып.к.-ОАО ""ВЕРОФАРМ"" - Россия.",4620011581570,Реаниматолог
Клацид СР,7,356.36,"таблетки пролонгированного действия покрытые пленочной оболочкой 500 мг, 7 шт. - упаковки ячейковые контурные - пачки картонные","Эбботт Лэбораториз Лимитед - Великобритания;Пр.,Перв.Уп.-Эйсика Куинборо Лимитед - Великобритания;Втор.Уп.,Вып.к.-ОАО ""ВЕРОФАРМ"" - Россия.",4620011581884,Офтальмолог
Инсиво,168,207415.00,"таблетки покрытые пленочной оболочкой 375 мг, 42 шт. - флаконы (4) - пачки картонные","ООО ""Джонсон & Джонсон"" - Россия;Пр.,Перв.Уп.-""Янссен-Силаг С.п.А."", Италия;Втор.Уп.,Вып.к.-ОАО ""Фармстандарт-УфаВИТА"" - Россия.",4601808009828,Токсиколог
Урсосан,10,127.00,"капсулы 250 мг, 10 шт. - контурные ячейковые упаковки (1) - пачки картонные","""ПРО.МЕД.ЦС Прага а.о."", Чешская Республика",8595026463318,Ортопед
Урсосан,50,685.43,"капсулы 250 мг, 10 шт. - контурные ячейковые упаковки (5) - пачки картонные","""ПРО.МЕД.ЦС Прага а.о."", Чешская Республика",8595026463356,Инфекционист
Сальбутамол,1,68.89,"аэрозоль для ингаляций дозированный 100 мкг/доза, 90 доз - баллоны аэрозольные алюминиевые с клапаном дозирующего действия /в комплекте с пластмассовым аппликатором с защитным колпачком/ - пачки картонные","ООО ""АЛВИЛС"" - Россия;Пр.,Перв.Уп.,Втор.Уп.,Вып.к.-""Цзевим Фармасьютикал (Шаньдун) Ко., Лтд."", Китай.",6921665001437,Эндокринолог
Цефтазидим Сандоз,1,491.63,порошок для приготовления раствора для внутривенного и внутримышечного введения 2 г - флаконы - пачки картонные,Сандоз ГмбХ - Австрия,9002260025015,Косметолог
Новокаин,1,25.38,"раствор для инъекций 0,5 %, 200 мл - флаконы (1) - коробки картонные (для стационаров)","""Гротекс"" (ООО ""Гротекс""), Россия",4680013243203,Пластический хирург
